Metric,Baseline,MTL,Improvement (%),Better Model
Global mIoU,0.38883685510340465,0.4039405594412573,3.884329414668281,MTL
Global BIoU,0.09373854805399862,0.10753299085609133,14.715869925941618,MTL
Boundary F1,0.171408895913045,0.1941842270511373,13.287134846050302,MTL
NLL,1.2238869667053223,1.3994554281234741,-14.345153285746512,Baseline
ECE,0.10144751327296313,0.12745643263483078,-25.63780867835162,Baseline
