{
  "tasks.genus.ungrouped.mIoU": [
    0.04064925614256915,
    0.0438687517426051,
    0.04640208207858355,
    0.05022455156916519,
    0.057258068716231195,
    0.10378778900625793,
    0.15472501915600556,
    0.20635749307772866,
    0.23190947190316752,
    0.24271052144789568,
    0.27412925966476304,
    0.2910222551489859,
    0.3080561686498898,
    0.28365294038069744,
    0.3474060655819429,
    0.33880291550245584
  ],
  "tasks.genus.ungrouped.BIoU": [
    0.009527313682853252,
    0.010193574685985056,
    0.011622187006275462,
    0.014806768281953632,
    0.01255224390466177,
    0.022241314405436502,
    0.036310236506677335,
    0.03476489051356418,
    0.043509250864973634,
    0.046041942726937964,
    0.060264595464828416,
    0.06086835576623241,
    0.06410954110964406,
    0.07665472552788444,
    0.07698228764120148,
    0.0846661300212571
  ],
  "tasks.genus.grouped.mIoU": [
    0.08329856395019627,
    0.08978033608802685,
    0.09739439512703736,
    0.10210561854866118,
    0.11722446490297164,
    0.2057554957201411,
    0.2944255439793202,
    0.3428972772406395,
    0.36463215119999826,
    0.37384228028853445,
    0.40810166437932366,
    0.4086718852253634,
    0.3999142760633588,
    0.4026412427327377,
    0.4612754696864254,
    0.4503762227146514
  ],
  "tasks.genus.grouped.BIoU": [
    0.0106756294086303,
    0.011231677419205725,
    0.012004580355518612,
    0.01558978784085701,
    0.016478162039259663,
    0.026775020697510296,
    0.042798345176899975,
    0.04211899848998919,
    0.049001858645714505,
    0.05022595036772699,
    0.06565320065475314,
    0.06472689632979275,
    0.06850650929707609,
    0.08189521758348525,
    0.08161945049502126,
    0.09054350542170063
  ],
  "tasks.health.ungrouped.mIoU": [
    0.04064925614256915,
    0.0438687517426051,
    0.04640208207858355,
    0.05022455156916519,
    0.057258068716231195,
    0.10378778900625793,
    0.15472501915600556,
    0.20635749307772866,
    0.23190947190316752,
    0.24271052144789568,
    0.27412925966476304,
    0.2910222551489859,
    0.3080561686498898,
    0.28365294038069744,
    0.3474060655819429,
    0.33880291550245584
  ],
  "tasks.health.ungrouped.BIoU": [
    0.009527313682853252,
    0.010193574685985056,
    0.011622187006275462,
    0.014806768281953632,
    0.01255224390466177,
    0.022241314405436502,
    0.036310236506677335,
    0.03476489051356418,
    0.043509250864973634,
    0.046041942726937964,
    0.060264595464828416,
    0.06086835576623241,
    0.06410954110964406,
    0.07665472552788444,
    0.07698228764120148,
    0.0846661300212571
  ],
  "tasks.health.grouped.mIoU": [
    0.19236319851635422,
    0.20783121503749105,
    0.21612129147650083,
    0.22906219104512696,
    0.23931755508798344,
    0.305577800792181,
    0.35090213139111964,
    0.4350453107233502,
    0.4414143957656296,
    0.4515944593095034,
    0.5023137592709344,
    0.49571195836249093,
    0.5034848665627321,
    0.5040364764198637,
    0.5381866488885377,
    0.5211414142312181
  ],
  "tasks.health.grouped.BIoU": [
    0.018974789028126177,
    0.020648376851202084,
    0.02105837703206381,
    0.02472379534429409,
    0.02429513783591613,
    0.03400954136967796,
    0.044657326304127054,
    0.045114163105302536,
    0.05261137698276984,
    0.05311728400959482,
    0.06717722123759709,
    0.06767264370536906,
    0.07081986816850401,
    0.0821445770624813,
    0.08281550062376206,
    0.0926899425999067
  ],
  "tasks.fish.ungrouped.mIoU": [
    0.4991424691139451,
    0.4990109099609805,
    0.4989902556660649,
    0.4989902556660649,
    0.4989902556660649,
    0.49899216615250624,
    0.5481691742195628,
    0.6099459364474311,
    0.6441607990884601,
    0.6467637935861509,
    0.6698801817411273,
    0.6456813726761951,
    0.6609611971089594,
    0.6472225697742777,
    0.6551904265087227,
    0.6829421898634247
  ],
  "tasks.fish.ungrouped.BIoU": [
    0.0009268319516965078,
    0.0003182150634009056,
    0.0,
    0.0,
    0.0,
    4.232333973466383e-05,
    0.03294637121444539,
    0.07193952252684592,
    0.09096747798580414,
    0.09442706412734729,
    0.10548747501755762,
    0.09609028761858787,
    0.11463372594072752,
    0.11536321578618865,
    0.11509788297457672,
    0.13869541433674473
  ],
  "tasks.human_artifacts.ungrouped.mIoU": [
    0.18045818839839817,
    0.2316720977012165,
    0.2360874145261905,
    0.2469287830210524,
    0.24432740199240705,
    0.44261792281703716,
    0.5326569510069341,
    0.5796870669884139,
    0.6424256733485723,
    0.6428621151361316,
    0.6707599925731754,
    0.6864394942583547,
    0.6972166052121247,
    0.7161335038393007,
    0.7089750359260677,
    0.7143227871158697
  ],
  "tasks.human_artifacts.ungrouped.BIoU": [
    0.004406951527783163,
    0.006182127856665335,
    0.006400258928624103,
    0.015771736404931555,
    0.002282931803904167,
    0.08875760869347221,
    0.07139665279752513,
    0.08434079798729514,
    0.12098240896314248,
    0.16903701727337953,
    0.23100222992488845,
    0.26563852604984406,
    0.2753427522864752,
    0.3337706739420361,
    0.29510329474608415,
    0.33488526248913614
  ],
  "tasks.substrate.ungrouped.mIoU": [
    0.11350996546260494,
    0.11914024185209482,
    0.1283731770392652,
    0.11531776492517336,
    0.2378864356759427,
    0.32834679312590115,
    0.3229650675596771,
    0.3507031445593877,
    0.3708465997305526,
    0.3873271777466086,
    0.3536820764593833,
    0.3860750480023685,
    0.39649898603307704,
    0.39557858762136794,
    0.39805125371597283,
    0.3704279877748833
  ],
  "tasks.substrate.ungrouped.BIoU": [
    0.0075416411403284615,
    0.01282486648655653,
    0.026359564417101723,
    0.021093119403776974,
    0.029641969516684862,
    0.03654139101180766,
    0.04032273282237193,
    0.05212063902437227,
    0.057904323845913666,
    0.06607326680924593,
    0.05334397989867204,
    0.06671509513583616,
    0.07521825676889116,
    0.07402293300249983,
    0.0788478300244565,
    0.07320494608153917
  ],
  "tasks.background.ungrouped.mIoU": [
    0.2303403173451881,
    0.40103021562498586,
    0.4278314798215502,
    0.4505896910440487,
    0.5263120490063892,
    0.5829564783614809,
    0.5629764454521771,
    0.594184267105048,
    0.593254649139453,
    0.6215595281525071,
    0.6003040275507456,
    0.6219295441386845,
    0.616405382310767,
    0.6600392683626276,
    0.6595738259783508,
    0.6041414170129493
  ],
  "tasks.background.ungrouped.BIoU": [
    0.008429865487320306,
    0.017210077640415808,
    0.02531280752343648,
    0.030009482422375375,
    0.038235455015501164,
    0.048021030520954806,
    0.056863930046030145,
    0.06355126849382554,
    0.06926062724269952,
    0.07398756770732172,
    0.07594926708107946,
    0.08399565423494279,
    0.08320896886752487,
    0.09172355701483642,
    0.09635112669122793,
    0.0897220847114563
  ],
  "tasks.biota.ungrouped.mIoU": [
    0.05939926364481365,
    0.054591062823821,
    0.06679806685810885,
    0.0825565305946296,
    0.08276527138598927,
    0.08276528574855428,
    0.08402037841762561,
    0.11320952497399768,
    0.12579816360488824,
    0.13629539061494036,
    0.14240777474631353,
    0.16480729262665333,
    0.18890339800115233,
    0.18081461959077647,
    0.2062357011744588,
    0.2178633711242848
  ],
  "tasks.biota.ungrouped.BIoU": [
    0.001871240728378234,
    0.0013023581279392217,
    0.0008820163530272309,
    0.00017927648229976024,
    0.0,
    0.0,
    0.005157752331243277,
    0.03044716395187035,
    0.04007715310129324,
    0.03416361514621201,
    0.04194807878444113,
    0.05104184598728382,
    0.05988288057608239,
    0.07257921633054501,
    0.07164913827656788,
    0.07488756094234224
  ],