{
  "tasks.genus.ungrouped.mIoU": [
    0.023097771716415003,
    0.03221812032085363,
    0.031268836777544017,
    0.03467343928632231,
    0.05378501369010689,
    0.04827459068077778,
    0.08139476433829913,
    0.12752600313594753,
    0.18919314526624578,
    0.23524741452398606,
    0.24757406331638482,
    0.30626745065987393,
    0.2862704736041591,
    0.3258213696615756,
    0.3196636321805636,
    0.3124461124123503,
    0.3308638396787623,
    0.33899768192534885,
    0.33304963290584605,
    0.3239368626174601
  ],
  "tasks.genus.ungrouped.BIoU": [
    0.0088798340582345,
    0.00879062969064956,
    0.00857259340252254,
    0.009079472468270811,
    0.012058967469656862,
    0.015419463124754557,
    0.02118269956530134,
    0.02977183174986648,
    0.044516959685569076,
    0.05350625259493937,
    0.0639187176050566,
    0.0758773351309606,
    0.07693647787218426,
    0.08311783795731116,
    0.08780303948224094,
    0.09151941965321672,
    0.0971981496658921,
    0.10005869017675487,
    0.0976615929435356,
    0.09566893296312638
  ],
  "tasks.genus.grouped.mIoU": [
    0.046046241178446405,
    0.06569446379700056,
    0.06369353056015518,
    0.07012339251523385,
    0.10581735576140781,
    0.10137545563578035,
    0.17429017165787833,
    0.2500977255690064,
    0.33044240186204876,
    0.3627800797086841,
    0.3798084805196351,
    0.42323265422147205,
    0.4272060042000744,
    0.4287791985672257,
    0.44069516903150074,
    0.4423756425277839,
    0.46017542316348653,
    0.44908403998516877,
    0.4543705590339444,
    0.43862661593612784
  ],
  "tasks.genus.grouped.BIoU": [
    0.009340764365774966,
    0.009480858358463667,
    0.009080408864056777,
    0.00961469092752853,
    0.011582446853372258,
    0.019113561849360715,
    0.02579163255816192,
    0.03535684425710741,
    0.051482508170845605,
    0.062408121061449995,
    0.07178699984580633,
    0.0830144723523788,
    0.0838770269517198,
    0.08863106747300249,
    0.09488170169845636,
    0.09733473793514205,
    0.10393256592822837,
    0.10684922666607444,
    0.10577135876745035,
    0.10148256591737827
  ],
  "tasks.health.ungrouped.mIoU": [
    0.023097771716415003,
    0.03221812032085363,
    0.031268836777544017,
    0.03467343928632231,
    0.05378501369010689,
    0.04827459068077778,
    0.08139476433829913,
    0.12752600313594753,
    0.18919314526624578,
    0.23524741452398606,
    0.24757406331638482,
    0.30626745065987393,
    0.2862704736041591,
    0.3258213696615756,
    0.3196636321805636,
    0.3124461124123503,
    0.3308638396787623,
    0.33899768192534885,
    0.33304963290584605,
    0.3239368626174601
  ],
  "tasks.health.ungrouped.BIoU": [
    0.0088798340582345,
    0.00879062969064956,
    0.00857259340252254,
    0.009079472468270811,
    0.012058967469656862,
    0.015419463124754557,
    0.02118269956530134,
    0.02977183174986648,
    0.044516959685569076,
    0.05350625259493937,
    0.0639187176050566,
    0.0758773351309606,
    0.07693647787218426,
    0.08311783795731116,
    0.08780303948224094,
    0.09151941965321672,
    0.0971981496658921,
    0.10005869017675487,
    0.0976615929435356,
    0.09566893296312638
  ],
  "tasks.health.grouped.mIoU": [
    0.11616917235288778,
    0.15895413372241773,
    0.1553540125896537,
    0.17136035828857363,
    0.22938418930821122,
    0.23088816650218583,
    0.3048182380749623,
    0.3178885089994233,
    0.39309396159295074,
    0.43643525797777183,
    0.4576975498177231,
    0.4824766857058924,
    0.47555377702755536,
    0.5223320850679064,
    0.5040645150927953,
    0.4983671467654203,
    0.529752028846465,
    0.5168100371633826,
    0.5065406245264318,
    0.520718216214036
  ],
  "tasks.health.grouped.BIoU": [
    0.018535492419213682,
    0.018901713723340374,
    0.017940586767470162,
    0.017787179692354355,
    0.017977771632513743,
    0.02625026245459111,
    0.036891491340996424,
    0.04328048199931234,
    0.05479314462638452,
    0.06574577551133311,
    0.0734021540121027,
    0.08598040491631967,
    0.08471875067548106,
    0.0924888259912258,
    0.09509572994072762,
    0.09765488853907979,
    0.10546072712215951,
    0.10558807694665148,
    0.10647186773072671,
    0.10464808942816471
  ],
  "tasks.fish.ungrouped.mIoU": [
    0.4958033484301767,
    0.49887775842008536,
    0.4991496634312986,
    0.4991255699792653,
    0.49909111503754316,
    0.49909117370843886,
    0.49909117072820663,
    0.4992139087564864,
    0.5448733467714619,
    0.60414669038583,
    0.6314449685482397,
    0.6438678449204749,
    0.6627292954754981,
    0.6760234183761463,
    0.6705488926106434,
    0.6635176680297097,
    0.6683139892530927,
    0.6610367860120575,
    0.6645709548284865,
    0.677103651878849
  ],
  "tasks.fish.ungrouped.BIoU": [
    0.002548406724340086,
    0.0024286186786901566,
    0.001737800701744034,
    0.0012779227767157582,
    4.2082818987683594e-05,
    0.0,
    0.0,
    0.00031100405524832353,
    0.02515733016783668,
    0.06371197650962684,
    0.08084886756927835,
    0.09375409443507665,
    0.1054902656987523,
    0.11497824735846798,
    0.12223809790613474,
    0.11288705396626271,
    0.12868727626247878,
    0.12881984697412163,
    0.12984399441917532,
    0.13905640616188816
  ],
  "tasks.human_artifacts.ungrouped.mIoU": [
    0.24543299323845894,
    0.23868525085620887,
    0.24230724532969242,
    0.24468480556664013,
    0.24399005794097298,
    0.24398998245596887,
    0.2483212115870868,
    0.517572392459337,
    0.5809919729234289,
    0.5803641727209409,
    0.6695085428159173,
    0.7036248494829574,
    0.7224502623895935,
    0.7058948492860185,
    0.7149104688725608,
    0.721889173081816,
    0.7559914935458063,
    0.7534580427014377,
    0.7642868458616102,
    0.7726583783974118
  ],
  "tasks.human_artifacts.ungrouped.BIoU": [
    0.008904643369392748,
    0.006664917850027991,
    0.009679080667370906,
    0.004315519332093501,
    0.0,
    0.0,
    0.0035068747198578588,
    0.1231266879095041,
    0.11524163748497475,
    0.15101635941734534,
    0.21106874217985006,
    0.2591267629676306,
    0.28862357576302916,
    0.30068967387972767,
    0.3508657664811546,
    0.3693383025374415,
    0.3940909277123691,
    0.39359751264007625,
    0.4045224968071147,
    0.4041850091185767
  ],
  "tasks.substrate.ungrouped.mIoU": [
    0.11684754604622943,
    0.11659894020769708,
    0.11942511720262768,
    0.12008662894863333,
    0.14421675267724035,
    0.2807230383225141,
    0.3975497352406131,
    0.3466260625244293,
    0.39112004102775205,
    0.3779405254692573,
    0.3933200982066272,
    0.40448608396639035,
    0.39643839282158927,
    0.4101639138313044,
    0.4002387296169274,
    0.4259543271825493,
    0.4216292449196473,
    0.4136011801808193,
    0.4100729826688068,
    0.42082320240911414
  ],
  "tasks.substrate.ungrouped.BIoU": [
    0.01798288909056387,
    0.020835628945874058,
    0.024573339767888155,
    0.025434666106461706,
    0.03180582999648184,
    0.03011377258935261,
    0.03506634968861192,
    0.047939292682075425,
    0.059377785060241335,
    0.0624012490852757,
    0.058547293268316716,
    0.06611263067180961,
    0.06886256352651031,
    0.07201092683874312,
    0.07002274403973367,
    0.0774366905679774,
    0.08285225675866843,
    0.07714044408203787,
    0.08597799466631267,
    0.08328618268255215
  ],
  "tasks.background.ungrouped.mIoU": [
    0.22067372859784662,
    0.32033681696343747,
    0.3526477419623639,
    0.3788974589470789,
    0.45870869235706174,
    0.48124486081469037,
    0.5412063882384589,
    0.5364445714272711,
    0.606351656529796,
    0.6127868363895193,
    0.5927184161678393,
    0.6251042695336922,
    0.5810866417092436,
    0.6351627689946215,
    0.5959241594539613,
    0.6068041207895851,
    0.6287528882633963,
    0.6416453338497202,
    0.6164747794709212,
    0.6390850380523531
  ],