{
  "tasks.genus.ungrouped.mIoU": [
    0.0383805866264591,
    0.04457260625947304,
    0.0416998382779675,
    0.04013525999017544,
    0.05491396878832517,
    0.06187507553796548,
    0.09592851232477723,
    0.1190270207379387,
    0.16808578031509244,
    0.22373969404135416,
    0.2662086585869743,
    0.26192305217400624,
    0.276409488884422,
    0.2588842006566672,
    0.32947109353296555,
    0.3204182515464355,
    0.3254632953356206,
    0.324682077698019,
    0.3073424566813594,
    0.31349012965999
  ],
  "tasks.genus.ungrouped.BIoU": [
    0.007590828798383043,
    0.009863491599674088,
    0.008045582508224305,
    0.0057389358464049935,
    0.019876114823864893,
    0.00990678566503448,
    0.0215945010577822,
    0.02715211642441661,
    0.03474147943984263,
    0.041682774572997405,
    0.05769814633016538,
    0.05527615746872414,
    0.06293529700177508,
    0.060314866601423,
    0.07587619439421825,
    0.07383829241392469,
    0.07567773617749576,
    0.0741074986200279,
    0.08104934735242397,
    0.07843825332018745
  ],
  "tasks.genus.grouped.mIoU": [
    0.07726749870331799,
    0.09052309045750627,
    0.08537720004268473,
    0.08283047127753672,
    0.11114139959684777,
    0.12721292219904753,
    0.19068117306592247,
    0.24057749478357396,
    0.3207652789129204,
    0.3527996426030796,
    0.3887065683466329,
    0.3855311868467155,
    0.40487503352991633,
    0.3827636232420434,
    0.43890985198547383,
    0.42857445005293204,
    0.42586508674055934,
    0.433505418785309,
    0.4081438845719128,
    0.42393749870482483
  ],
  "tasks.genus.grouped.BIoU": [
    0.00954323159516325,
    0.013157721826046423,
    0.013302461427737725,
    0.013690066176360309,
    0.022149975822098975,
    0.013417704830549063,
    0.0253547586639566,
    0.03289388078204519,
    0.04250900375111824,
    0.04896421462811579,
    0.06257383305357654,
    0.0623427732959434,
    0.06882216371518775,
    0.06616568937355732,
    0.08067027922280343,
    0.07861565559436663,
    0.08089710213827829,
    0.07906154002229131,
    0.0861394142392791,
    0.0826884511994271
  ],
  "tasks.health.ungrouped.mIoU": [
    0.0383805866264591,
    0.04457260625947304,
    0.0416998382779675,
    0.04013525999017544,
    0.05491396878832517,
    0.06187507553796548,
    0.09592851232477723,
    0.1190270207379387,
    0.16808578031509244,
    0.22373969404135416,
    0.2662086585869743,
    0.26192305217400624,
    0.276409488884422,
    0.2588842006566672,
    0.32947109353296555,
    0.3204182515464355,
    0.3254632953356206,
    0.324682077698019,
    0.3073424566813594,
    0.31349012965999
  ],
  "tasks.health.ungrouped.BIoU": [
    0.007590828798383043,
    0.009863491599674088,
    0.008045582508224305,
    0.0057389358464049935,
    0.019876114823864893,
    0.00990678566503448,
    0.0215945010577822,
    0.02715211642441661,
    0.03474147943984263,
    0.041682774572997405,
    0.05769814633016538,
    0.05527615746872414,
    0.06293529700177508,
    0.060314866601423,
    0.07587619439421825,
    0.07383829241392469,
    0.07567773617749576,
    0.0741074986200279,
    0.08104934735242397,
    0.07843825332018745
  ],
  "tasks.health.grouped.mIoU": [
    0.18632689763624039,
    0.2247531831606016,
    0.20952484044398093,
    0.21415833824508035,
    0.24365118526034338,
    0.25342859894288533,
    0.3096702182049198,
    0.29761759936236865,
    0.35423405278281966,
    0.41195908715375196,
    0.4943974862493055,
    0.44066171813901805,
    0.476610072567491,
    0.43785297515639837,
    0.5092500032779536,
    0.48814553243069725,
    0.5072044552490419,
    0.5174088269750039,
    0.501126880536804,
    0.5100770829919911
  ],
  "tasks.health.grouped.BIoU": [
    0.017142240137864532,
    0.021438621231542665,
    0.021212066567211182,
    0.022133691591377597,
    0.029405334093200855,
    0.022187935236304572,
    0.03905278994871764,
    0.03123834761485701,
    0.04040475629825864,
    0.048535508740536026,
    0.06667122571271265,
    0.060034619595038,
    0.06977222171944422,
    0.06447579670866112,
    0.08405118993504776,
    0.08136072205517493,
    0.08276563424194573,
    0.08045588618549811,
    0.08836409562624667,
    0.08514415256434814
  ],
  "tasks.fish.ungrouped.mIoU": [
    0.49909657954183273,
    0.4990899354219437,
    0.4990910515189171,
    0.49909115582704544,
    0.49909117370843886,
    0.49909117370843886,
    0.49909117370843886,
    0.49913689356896485,
    0.555830756889919,
    0.5904666443205802,
    0.6237508958622087,
    0.6367891325089619,
    0.6472450535138462,
    0.641632720610267,
    0.6326148340419683,
    0.647749033599065,
    0.6560034779073762,
    0.6360584334796742,
    0.6635792213252191,
    0.6494039045787199
  ],
  "tasks.fish.ungrouped.BIoU": [
    0.0003144519800763333,
    1.7983922373362246e-05,
    0.0,
    0.0,
    0.0,
    0.0,
    0.0,
    0.00011394596926284294,
    0.037359796216570665,
    0.05989426736698312,
    0.07566224434264662,
    0.08568411364343674,
    0.09946415127752906,
    0.09755137896666612,
    0.0927736002833795,
    0.10477370876460348,
    0.11508383447856671,
    0.09906405281073488,
    0.12091386826810424,
    0.10737192789319591
  ],
  "tasks.human_artifacts.ungrouped.mIoU": [
    0.23961317973535645,
    0.24329507647358248,
    0.2557248291870428,
    0.2540310426240283,
    0.24474118841054535,
    0.24399592161578862,
    0.40149950871032586,
    0.5457786099276853,
    0.5612892723489658,
    0.5961741091800971,
    0.6326345855800504,
    0.6464546691941329,
    0.6779168925044912,
    0.6946813711099447,
    0.7072403146730316,
    0.7132115367320634,
    0.7473267763683688,
    0.7439486409755819,
    0.7537422293578888,
    0.7451164698426926
  ],
  "tasks.human_artifacts.ungrouped.BIoU": [
    0.00660867492465738,
    0.007248802291873472,
    0.02507532738861293,
    0.02047843946821148,
    0.007844436231262094,
    6.991151200047518e-05,
    0.02738557675165355,
    0.09365497290219495,
    0.07456289924186467,
    0.08712019149357483,
    0.12624829576636232,
    0.15810716795760643,
    0.20485839851444784,
    0.22317743419602465,
    0.25708501932028066,
    0.27876958017298525,
    0.3142443967913303,
    0.31117986133964093,
    0.3296192104119585,
    0.30733005885829406
  ],
  "tasks.substrate.ungrouped.mIoU": [
    0.11948692097744538,
    0.1286023652031599,
    0.12720241801898807,
    0.12744788198374332,
    0.18594158870177732,
    0.25761103072406716,
    0.2836500004028816,
    0.3422566971354306,
    0.37397925782141733,
    0.3798974380066453,
    0.37338585627509885,
    0.3948041017983166,
    0.39998833681380436,
    0.38897491538975487,
    0.3795661711548168,
    0.390169668596355,
    0.3936735766444927,
    0.39737087155913503,
    0.4070776433768402,
    0.39661625024828334
  ],
  "tasks.substrate.ungrouped.BIoU": [
    0.02039088630824116,
    0.02715418809996001,
    0.03065415296657544,
    0.03116023029224861,
    0.02822465877278695,
    0.03367399823285073,
    0.03147060539745347,
    0.03913022753631553,
    0.0557475343506868,
    0.06134954323088301,
    0.05583252705752568,
    0.061939474922401955,
    0.06947029434765559,
    0.06882018053802208,
    0.06506825590899842,
    0.07523228854368949,
    0.07409164678971807,
    0.07459236496755477,
    0.0780649142346786,
    0.0792012627062525
  ],
  "tasks.background.ungrouped.mIoU": [
    0.23382725870744,
    0.3283642906993807,
    0.38946605033823234,
    0.41921286056725354,
    0.4656397749783161,
    0.518385231193862,
    0.5083539342275939,
    0.5914830659966585,
    0.6109350804236691,
    0.6241390262168639,
    0.6422012999850341,
    0.6239231701362348,
    0.6278779274620764,
    0.61266586337923,
    0.6161384459764201,
    0.6364240427772461,
    0.6312075425850362,
    0.6119554082314119,
    0.6302905950385571,
    0.6312193692445531
  ],