Metric,Baseline,MTL Focused,MTL Holistic,Focused Δ (%),Holistic Δ (%),Best Model
Global mIoU,0.38883685510340465,0.4039405594412573,0.4272076582034117,3.884329414668281,9.868098303028141,MTL Holistic
Global BIoU,0.09373854805399862,0.10753299085609133,0.12427655121904672,14.715869925941618,32.57784956030738,MTL Holistic
Boundary F1,0.171408895913045,0.1941842270511373,0.22107779746397999,13.287134846050302,28.976851689268102,MTL Holistic
NLL,1.2238869667053223,1.3994554281234741,1.5162335634231567,-14.345153285746512,-23.886731754716312,Baseline
ECE,0.10144751327296313,0.12745643263483078,0.1423154128053529,-25.63780867835162,-40.2847721091272,Baseline
Brier Score,0.5015871524810791,0.4959154725074768,0.4937027096748352,1.1307466599867193,1.571898874850331,MTL Holistic
